City_ID,City,Lat,Lng,Max Temp,Humidity,Cloudiness,Wind Speed,Country,Date
0,bhuban,20.8833,85.8333,26.85,87,100,1.39,IN,1696184126
1,dudinka,69.4058,86.1778,-14.07,100,70,1.79,RU,1696184126
2,papatowai,-46.5619,169.4708,10.26,82,92,4.17,NZ,1696184126
3,iqaluit,63.7506,-68.5145,4.85,75,75,2.06,CA,1696184126
4,massawa,15.6097,39.45,32.81,53,4,2.05,ER,1696184127
5,shangzhi,45.2167,127.9667,8.81,82,70,2.66,CN,1696184127
6,port-aux-francais,-49.35,70.2167,6.29,97,100,20.12,TF,1696184127
7,blackmans bay,-43.0167,147.3167,6.4,88,9,2.62,AU,1696184127
8,yeppoon,-23.1333,150.7333,16.88,80,0,3.3,AU,1696184127
9,adamstown,-25.066,-130.1015,20.61,83,46,10.95,PN,1696184127
10,goz beida,13.95,20.55,31.49,42,88,3.36,TD,1696184128
11,yellowknife,62.456,-114.3525,8.56,87,75,7.2,CA,1696184128
12,usogorsk,63.4106,48.6872,10.37,92,88,4.43,RU,1696184128
13,tiksi,71.6872,128.8694,-8.06,91,56,2.65,RU,1696184128
14,waitangi,-43.9535,-176.5597,11.57,91,67,1.34,NZ,1696184128
15,lompoc,34.6391,-120.4579,21.68,70,100,3.6,US,1696184077
16,fale old settlement,-9.3852,-171.2468,27.86,75,24,2.58,TK,1696184128
17,grytviken,-54.2811,-36.5092,4.86,86,57,4.8,GS,1696184128
18,padang,-0.9492,100.3543,27.03,91,78,1.14,ID,1696184129
19,qaqortoq,60.7167,-46.0333,3.27,80,100,2.29,GL,1696184129
20,ushuaia,-54.8,-68.3,1.81,93,75,3.09,AR,1696184129
21,ulanhot,46.0833,122.0833,10.35,48,47,2.23,CN,1696184129
22,kavieng,-2.5744,150.7967,26.85,83,56,2.16,PG,1696184129
23,mramani,-12.3464,44.5286,25.01,76,88,1.46,KM,1696184129
24,tobarra,38.5921,-1.6919,26.32,31,11,3.69,ES,1696184129
25,kaduy,59.2,37.15,11.03,79,22,4.6,RU,1696184130
26,palmares do sul,-30.2578,-50.5097,17.77,54,8,4.02,BR,1696184130
27,olonkinbyen,70.9221,-8.7187,-0.27,85,100,4.57,SJ,1696184130
28,enewetak,11.3474,162.3373,29.16,75,89,6.49,MH,1696184130
29,saint-francois,46.4154,3.9054,18.71,72,0,2.06,FR,1696184130
30,vila franca do campo,37.7167,-25.4333,21.23,99,89,3.76,PT,1696184130
31,west island,-12.1568,96.8225,24.99,78,40,8.23,CC,1696184130
32,san antonio de pale,-1.4014,5.6325,25.32,82,76,6.2,GQ,1696184131
33,zavoronezhskoye,52.8801,40.5526,17.32,42,57,2.24,RU,1696184131
34,utrik,11.2278,169.8474,27.62,77,91,4.42,MH,1696184131
35,ketchikan,55.3422,-131.6461,9.99,93,100,5.14,US,1696184131
36,ilulissat,69.2167,-51.1,0.01,64,0,1.03,GL,1696184131
37,bethel,41.3712,-73.414,25.2,62,0,4.12,US,1696184131
38,quellon,-43.1167,-73.6167,7.39,80,100,1.66,CL,1696184131
39,puerto natales,-51.7236,-72.4875,2.25,100,40,8.75,CL,1696184132
40,trairi,-3.2778,-39.2689,30.09,52,74,6.96,BR,1696183884
41,guanica,17.9716,-66.908,32.94,65,67,1.58,PR,1696184132
42,udachny,66.4167,112.4,-1.97,92,100,7.36,RU,1696184132
43,wamba,8.9333,8.6,24.41,90,90,0.76,NG,1696184132
44,college,64.8569,-147.8028,5.04,72,75,3.09,US,1696184132
45,thompson,55.7435,-97.8558,6.09,87,100,1.03,CA,1696184133
46,anadyr,64.75,177.4833,-5.72,93,0,1.0,RU,1696184133
47,morehead city,34.7229,-76.726,26.11,66,0,5.14,US,1696184133
48,pajok,3.8651,32.4821,22.85,79,94,0.44,SS,1696184133
49,tazovsky,67.4667,78.7,0.2,88,99,6.02,RU,1696184133
50,mili,6.0815,171.735,27.53,76,94,0.98,MH,1696184134
51,makurazaki,31.2667,130.3167,21.23,71,15,2.61,JP,1696184134
52,touros,-5.1989,-35.4608,28.39,55,69,7.29,BR,1696184134
53,vila velha,-20.3297,-40.2925,23.97,81,0,4.12,BR,1696184134
54,palu,-0.8917,119.8707,24.34,96,27,1.52,ID,1696184134
55,kingston,17.997,-76.7936,34.02,68,24,0.89,JM,1696183881
56,gargalianoi,37.0667,21.6333,20.2,65,8,2.04,GR,1696184134
57,gaeta,41.2183,13.5628,23.9,73,2,3.11,IT,1696184134
58,howick,-29.4779,30.2306,8.29,95,61,0.83,ZA,1696184135
59,puerto armuelles,8.2833,-82.8667,31.99,85,72,2.24,PA,1696184135
60,muynoq,43.7683,59.0214,16.13,62,22,3.26,UZ,1696184135
61,forbes,-33.3833,148.0167,17.18,51,33,1.5,AU,1696184135
62,bredasdorp,-34.5322,20.0403,12.58,78,0,5.34,ZA,1696184135
63,aykhal,66.0,111.5,0.04,98,100,7.15,RU,1696184135
64,menomonie,44.8755,-91.9193,29.9,63,50,2.36,US,1696184136
65,turpan,42.9333,89.1667,23.2,28,7,2.71,CN,1696184136
66,ebon,4.582,168.6964,28.06,75,15,2.2,MH,1696184136
67,bilibino,68.0546,166.4372,-4.47,88,100,0.42,RU,1696184136
68,benjamin aceval,-24.9667,-57.5667,30.08,31,0,1.93,PY,1696184136
69,mascota,20.5167,-104.7833,25.17,50,10,0.64,MX,1696184136
70,canton,23.1167,113.25,28.97,70,83,2.7,CN,1696184137
71,albany,42.6001,-73.9662,25.51,62,0,1.34,US,1696184084
72,margaret river,-33.95,115.0667,11.63,66,96,11.77,AU,1696184137
73,edinburgh of the seven seas,-37.0676,-12.3116,9.75,62,96,12.23,SH,1696184137
74,pangody,65.85,74.4859,2.87,100,100,3.42,RU,1696184137
75,uruacu,-14.5247,-49.1408,36.41,24,59,1.91,BR,1696184137
76,san martin,-33.081,-68.4681,30.3,18,1,4.01,AR,1696184137
77,alofi,-19.0595,-169.9187,21.94,64,99,7.2,NU,1696184138
78,st. john's,47.5649,-52.7093,19.6,62,61,1.34,CA,1696183865
79,ribeira brava,32.65,-17.0667,27.29,78,1,2.29,PT,1696184138
80,avarua,-21.2078,-159.775,25.03,94,75,1.54,CK,1696184138
81,georgetown,5.4112,100.3354,28.97,81,20,2.57,MY,1696184138
82,palikir - national government center,6.9248,158.1611,22.41,100,75,0.0,FM,1696184138
83,gebeit,21.0667,36.3167,31.43,31,5,1.21,SD,1696184138
84,akureyri,65.6835,-18.0878,7.96,71,75,4.12,IS,1696184139
85,hermanus,-34.4187,19.2345,13.41,79,0,5.15,ZA,1696184139
86,ceeldheer,3.8488,47.1806,26.02,83,1,6.63,SO,1696184139
87,ribeira grande,38.5167,-28.7,22.22,60,40,2.57,PT,1696184139
88,sinabang,2.4803,96.3801,26.15,86,86,3.97,ID,1696184139
89,san isidro de curuguaty,-24.5167,-55.7,32.54,31,55,1.61,PY,1696184139
90,mindelo,16.8901,-24.9804,28.75,65,75,14.4,CV,1696184139
91,quepos,9.4236,-84.1652,29.87,73,92,2.31,CR,1696184139
92,raduzhnyy,62.0961,77.475,5.21,92,100,6.18,RU,1696184140
93,nyurba,63.2842,118.3319,5.58,81,99,2.24,RU,1696184140
94,spring creek,40.7266,-115.5859,9.9,58,96,3.56,US,1696184140
95,madinat ash shamal,26.1293,51.2009,31.76,54,0,4.92,QA,1696184140
96,petropavlovsk-kamchatsky,53.0452,158.6483,3.33,100,100,2.0,RU,1696184140
97,gisborne,-38.6533,178.0042,13.66,77,6,4.36,NZ,1696184140
98,tromso,69.6496,18.957,5.01,75,40,3.09,NO,1696184140
99,tumayr,25.7039,45.868,29.3,16,0,3.57,SA,1696184141
100,vadso,70.0744,29.7487,6.09,87,75,2.06,NO,1696184141
101,ulsteinvik,62.3432,5.8487,13.75,83,100,1.34,NO,1696184141
102,ghadamis,30.1337,9.5007,28.24,30,0,7.03,LY,1696184141
103,klyuchi,52.2667,79.1667,6.88,85,0,2.14,RU,1696184141
104,aldinga beach,-35.2793,138.4604,14.81,68,0,2.12,AU,1696184141
105,crete,35.1558,24.895,18.0,48,0,3.54,GR,1696184141
106,brisas de zicatela,15.8369,-97.0419,32.29,51,75,0.0,MX,1696184141
107,mochudi,-24.4167,26.15,27.0,9,0,2.29,BW,1696184142
108,puerto ayora,-0.7393,-90.3518,30.98,88,99,2.24,EC,1696184142
109,nabire,-3.3667,135.4833,24.13,90,98,1.17,ID,1696184142
110,axim,4.8699,-2.2405,25.4,88,42,4.74,GH,1696184142
111,ancud,-41.8697,-73.8203,8.2,93,100,2.18,CL,1696184142
112,fort mcmurray,56.7268,-111.381,11.77,62,100,4.12,CA,1696184110
113,aldan,58.6031,125.3894,0.11,79,15,1.34,RU,1696184142
114,ust-nera,64.5667,143.2,-2.1,62,30,3.13,RU,1696184142
115,longyearbyen,78.2186,15.6401,-3.09,59,75,8.23,SJ,1696184143
116,uturoa,-16.7333,-151.4333,25.94,78,50,8.53,PF,1696184143
117,mrakovo,52.7161,56.6244,10.01,64,50,1.46,RU,1696184143
118,charters towers,-20.1,146.2667,16.46,94,4,2.53,AU,1696184143
119,sosnogorsk,63.6023,53.8817,12.52,92,100,5.36,RU,1696184143
120,mana,5.6592,-53.7767,31.91,60,84,5.9,GF,1696184143
121,bubaque,11.2833,-15.8333,28.41,78,100,3.68,GW,1696184143
122,port elizabeth,-33.918,25.5701,15.05,81,0,3.6,ZA,1696184143
123,talnakh,69.4865,88.3972,-12.51,92,12,2.49,RU,1696184144
124,kirensk,57.7853,108.1119,-1.1,86,38,3.13,RU,1696184144
125,aasiaat,68.7098,-52.8699,-2.55,69,2,5.16,GL,1696184144
126,renala khurd,30.8833,73.6,25.09,20,0,1.54,PK,1696184144
127,darhan,49.4867,105.9228,8.85,70,100,5.17,MN,1696184144
128,vorgashor,67.5833,63.95,8.19,98,100,6.45,RU,1696184144
129,chui,-33.6971,-53.4616,16.52,55,3,2.24,UY,1696184145
130,champerico,14.3,-91.9167,35.3,70,12,2.49,GT,1696184145
131,colonia,50.9333,6.95,21.64,68,0,3.09,DE,1696183891
132,mhamid,29.82,-5.72,32.49,14,61,6.07,MA,1696184145
133,minas de marcona,-15.2119,-75.1103,20.25,60,32,5.56,PE,1696184145
134,la libertad,-2.2333,-80.9,27.81,65,75,4.63,EC,1696184145
135,new norfolk,-42.7826,147.0587,7.06,95,16,1.43,AU,1696184145
136,tapes,-30.6733,-51.3958,16.99,59,0,3.87,BR,1696184019
137,stanley,54.868,-1.6985,15.44,84,20,3.6,GB,1696184146
138,itupiranga,-5.1347,-49.3267,35.18,28,34,1.03,BR,1696184146
139,carutapera,-1.195,-46.02,30.61,61,63,5.79,BR,1696184146
140,belomorsk,64.5232,34.7668,8.3,90,100,7.13,RU,1696184146
141,vernon,50.2581,-119.2691,12.34,73,91,1.54,CA,1696184146
142,ippy,6.2679,21.2247,23.81,88,13,1.89,CF,1696184146
143,punta arenas,-53.15,-70.9167,5.06,60,40,15.95,CL,1696183926
144,baglung,28.2719,83.5898,20.7,87,35,2.29,NP,1696184147
145,nampa,43.5407,-116.5635,10.86,90,75,4.63,US,1696184011
146,pisco,-13.7,-76.2167,21.68,78,0,4.12,PE,1696184147
147,hithadhoo,-0.6,73.0833,27.94,72,80,5.94,MV,1696184147
148,lata,40.1629,-8.3327,24.28,47,13,1.87,PT,1696184147
149,nar'yan-mar,67.6713,53.087,10.62,96,100,3.58,RU,1696184147
150,cockburn town,21.4612,-71.1419,29.15,70,92,5.97,TC,1696184148
151,mitu,1.1983,-70.1733,34.77,45,62,0.96,CO,1696184148
152,port mathurin,-19.6833,63.4167,23.26,76,69,8.81,MU,1696184148
153,haiku-pauwela,20.9219,-156.3051,26.81,66,20,5.14,US,1696184148
154,iskateley,67.6803,53.1512,10.57,96,100,3.58,RU,1696184148
155,vodnyy,63.5046,53.4095,12.45,92,100,5.78,RU,1696184148
156,ouargla,31.9493,5.325,29.04,28,0,4.12,DZ,1696184148
157,ibi,38.6253,-0.5723,22.97,43,11,1.91,ES,1696184148
158,hilo,19.7297,-155.09,25.9,84,75,3.6,US,1696184149
159,kodiak,57.79,-152.4072,8.73,93,100,6.69,US,1696183982
160,mushie,-3.0167,16.9,25.49,80,66,0.82,CD,1696184149
161,kijang,35.2442,129.2139,12.85,57,8,2.27,KR,1696184149
162,palmer,42.1584,-72.3287,25.04,55,20,4.12,US,1696184149
163,waingapu,-9.6567,120.2641,24.25,84,39,2.11,ID,1696184149
164,yarmouth,41.7057,-70.2286,20.03,81,100,8.23,US,1696184150
165,isna,25.2934,32.554,34.19,23,6,9.54,EG,1696184150
166,freetown,8.484,-13.2299,26.84,83,75,3.09,SL,1696183872
167,inirida,3.8653,-67.9239,35.23,46,100,1.48,CO,1696184150
168,keflavik,64.0049,-22.5624,10.95,81,0,4.63,IS,1696184151
169,bikenibeu village,1.3673,173.1241,25.98,94,20,0.0,KI,1696184151
170,kalmunai,7.4167,81.8167,25.64,86,100,6.43,LK,1696184151
171,duong dong,10.2167,103.9667,27.0,100,40,4.12,VN,1696184152
172,tolanaro,-25.0319,46.9987,22.93,82,14,2.12,MG,1696184152
173,brookings,44.3114,-96.7984,32.43,50,0,9.26,US,1696183904
174,chatham,51.3789,0.5279,21.25,80,100,0.89,GB,1696184152
175,invercargill,-46.4,168.35,13.34,79,74,6.71,NZ,1696184152
176,jamestown,42.097,-79.2353,26.12,58,40,3.09,US,1696184142
177,nelson bay,-32.7167,152.15,19.44,76,58,4.92,AU,1696184152
178,vilyuysk,63.7553,121.6247,5.56,83,99,1.79,RU,1696184153
179,fort bragg,35.139,-79.006,27.17,58,75,4.63,US,1696184153
180,karasu,41.071,30.7854,18.76,89,99,3.2,TR,1696184153
181,taoudenni,22.6783,-3.9836,35.92,11,33,0.62,ML,1696184153
182,el abiodh sidi cheikh,32.893,0.5484,26.68,23,0,3.85,DZ,1696184153
183,carnarvon,-24.8667,113.6333,19.58,65,22,7.99,AU,1696184153
184,bandon,51.7469,-8.7425,13.77,90,87,2.94,IE,1696184154
185,hawaiian paradise park,19.5933,-154.9731,24.94,92,75,3.6,US,1696184154
186,ta`u,-14.2336,-169.5144,26.73,81,25,8.96,AS,1696184154
187,san juan de miraflores,-12.1629,-76.9635,21.29,76,78,4.15,PE,1696184154
188,zhuanghe,39.7008,122.9911,14.7,44,48,2.28,CN,1696184154
189,boyolangu,-8.1181,111.8935,21.74,94,19,0.46,ID,1696184154
190,tanout,14.9709,8.8879,29.07,43,42,7.19,NE,1696184154
191,saint-philippe,-21.3585,55.7679,22.77,74,5,3.04,RE,1696184154
192,sitka,57.0531,-135.33,11.94,82,100,3.09,US,1696184155
193,la passe,45.5549,-0.8967,28.13,53,29,1.57,FR,1696184155
194,morant bay,17.8815,-76.4093,35.39,68,69,2.74,JM,1696184155
195,kambove,-10.8764,26.5969,26.85,26,71,1.59,CD,1696184155
196,kapit,2.0167,112.9333,22.43,99,100,0.22,MY,1696184155
197,nyandoma,61.669,40.1991,9.69,89,94,6.13,RU,1696184155
198,nova sintra,14.8667,-24.7167,24.16,77,57,5.54,CV,1696184156
199,devgadh bariya,22.7,73.9,25.98,54,12,0.55,IN,1696184156
200,whitehorse,60.7161,-135.0538,4.34,94,99,9.39,CA,1696184098
201,san patricio,28.017,-97.5169,30.92,62,39,6.23,US,1696184156
202,kapuskasing,49.4169,-82.4331,19.05,77,75,4.63,CA,1696184104
203,saipan,15.1355,145.701,27.39,94,20,2.06,MP,1696184156
204,port hedland,-20.3167,118.5667,22.03,78,3,4.12,AU,1696184156
205,taungoo,18.9333,96.4333,23.3,99,99,2.02,MM,1696184156
206,praia da vitoria,38.7333,-27.0667,22.09,78,20,3.88,PT,1696184157
207,katsuren-haebaru,26.3369,127.8719,28.01,86,0,5.14,JP,1696184157
208,ouled mimoun,34.9047,-1.0339,21.01,32,2,3.37,DZ,1696184157
209,kizner,56.2749,51.508,14.19,64,17,4.62,RU,1696184157
210,waveland,30.2869,-89.3762,32.79,57,0,5.94,US,1696184157
211,jiutai,44.1525,125.8328,9.19,55,25,3.02,CN,1696184157
212,bamboo flat,11.7,92.7167,26.05,89,75,1.03,IN,1696184158
213,ad dilam,23.9915,47.1627,32.23,16,0,3.63,SA,1696184158
214,ola,59.5833,151.2833,3.01,88,100,1.01,RU,1696184158
215,port lincoln,-34.7333,135.8667,12.23,79,0,2.68,AU,1696184158
216,tongouson,5.0214,120.1328,28.93,77,98,7.46,PH,1696184158
217,gering,41.8258,-103.6605,28.71,35,0,6.17,US,1696184158
218,berdigestyakh,62.0989,126.6992,0.72,78,83,1.79,RU,1696184158
219,lahij,13.1667,44.5833,28.92,57,1,2.11,YE,1696184159
220,papao,-17.75,-149.55,26.82,83,7,9.43,PF,1696184159
221,atafu village,-8.5421,-172.5159,28.06,71,50,0.62,TK,1696184159
222,macaubas,-13.0194,-42.6986,36.76,19,1,1.18,BR,1696184159
223,timimoun,29.2639,0.231,32.21,17,0,7.72,DZ,1696184159
224,stephenville,32.2207,-98.2023,31.63,38,0,4.12,US,1696184159
225,vilyuchinsk,52.9306,158.4028,4.15,82,100,1.02,RU,1696184159
226,tsiombe,-25.3,45.4833,22.29,77,2,1.24,MG,1696184160
227,holualoa,19.6228,-155.9522,25.91,79,20,3.09,US,1696184160
228,yichang,30.7144,111.2847,19.27,86,100,0.88,CN,1696184160
229,al kharijah,25.4514,30.5464,31.32,29,52,6.76,EG,1696184160
230,north bend,43.4065,-124.2243,15.09,88,0,1.54,US,1696184160
231,mount gambier,-37.8333,140.7667,4.34,93,0,2.18,AU,1696184160
232,arraial do cabo,-22.9661,-42.0278,21.92,88,75,3.6,BR,1696184160
233,kailua-kona,19.6406,-155.9956,27.98,78,20,3.09,US,1696184160
234,pointe-noire,-4.7761,11.8635,25.04,88,40,3.6,CG,1696184161
235,fortuna,40.5982,-124.1573,16.31,82,0,6.17,US,1696184161
236,cheremukhovo,60.3484,59.9851,12.2,69,96,4.47,RU,1696184161
237,chifeng,42.2683,118.9636,10.85,33,0,2.88,CN,1696184161
238,klaksvik,62.2266,-6.589,11.51,88,72,10.47,FO,1696184161
239,gadzhiyevo,69.2551,33.3362,6.23,80,97,5.29,RU,1696184161
240,kalpatta,11.6106,76.0822,19.3,99,100,0.99,IN,1696184162
241,wailua homesteads,22.0669,-159.378,26.44,81,100,5.14,US,1696184162
242,juneau,58.3019,-134.4197,9.01,95,100,8.75,US,1696184162
243,jaciara,-15.9653,-54.9683,30.72,50,74,4.67,BR,1696184162
244,paita,-5.0892,-81.1144,23.67,70,66,6.64,PE,1696184162
245,constantia,44.1833,28.65,20.39,53,23,3.23,RO,1696184162
246,fisterra,42.9049,-9.2629,22.23,80,66,3.91,ES,1696184162
247,conduaga,8.862,117.4893,26.0,91,100,4.93,PH,1696184163
248,heihe,50.2441,127.4902,5.7,80,92,2.42,CN,1696184163
249,angaur state,6.906,134.13,28.08,80,46,3.61,PW,1696184163
250,codrington,-38.2667,141.9667,4.84,92,0,3.57,AU,1696184163
251,susuman,62.7833,148.1667,-2.79,92,11,1.34,RU,1696184163
252,mount pearl,47.5166,-52.7813,19.14,62,75,8.23,CA,1696184163
253,rio grande,-32.035,-52.0986,22.06,65,0,3.43,BR,1696184164
254,inhambane,-23.865,35.3833,21.95,65,85,9.0,MZ,1696184164
255,neiafu,-18.65,-173.9833,22.38,64,40,5.14,TO,1696184164
256,isafjordur,66.0755,-23.124,8.02,71,75,5.66,IS,1696184164
257,naval,11.5606,124.3975,27.65,84,68,6.31,PH,1696184164
258,gisors,49.2818,1.7801,23.55,63,85,1.88,FR,1696184164
259,sao joao da barra,-21.6403,-41.0511,22.05,80,100,9.51,BR,1696184164
260,zunyi,27.6867,106.9072,20.29,96,80,2.07,CN,1696184165
261,primero de mayo,-32.2552,-58.4228,22.68,22,0,2.88,AR,1696184165
262,bhimunipatnam,17.8833,83.4333,28.73,83,100,5.2,IN,1696184165
263,isla mujeres,21.2311,-86.731,32.03,71,99,2.13,MX,1696184165
264,broome,42.2506,-75.833,25.87,68,40,3.6,US,1696184165
265,kupang,-10.1667,123.5833,26.32,69,69,2.57,ID,1696184142
266,viedma,-40.8135,-62.9967,23.44,22,100,7.99,AR,1696184166
267,callao,-12.0667,-77.15,22.16,64,0,5.14,PE,1696184166
268,kruisfontein,-34.0033,24.7314,13.82,72,57,4.91,ZA,1696184166
269,nema,57.5067,50.5011,12.36,61,57,3.58,RU,1696184166
270,banes,20.9625,-75.7186,31.82,65,43,5.62,CU,1696184166
271,kokoda,-8.8785,147.7407,23.97,97,99,0.26,PG,1696184166
272,upata,8.0086,-62.3989,35.24,36,98,2.53,VE,1696184167
273,chonchi,-42.6128,-73.8092,7.29,98,100,0.79,CL,1696184167
274,amassoma,4.9692,6.1097,25.17,89,91,2.52,NG,1696184167
275,dauphin,51.1494,-100.0502,14.08,94,100,3.6,CA,1696184167
276,santa elena de uairen,4.6167,-61.1333,30.81,36,58,3.67,VE,1696184167
277,goundam,16.4145,-3.6708,39.98,11,77,1.96,ML,1696184167
278,ad dabbah,18.05,30.95,37.33,10,2,4.27,SD,1696184168
279,tocopilla,-22.092,-70.1979,20.63,66,13,3.23,CL,1696184168
280,crane,31.3974,-102.3501,29.43,44,78,9.1,US,1696184168
281,guanajuato,21.0186,-101.2591,27.39,31,1,3.77,MX,1696184168
282,saint-pierre,-21.3393,55.4781,22.82,73,0,2.57,RE,1696184168
283,batarasa,8.6617,117.6222,26.19,90,100,5.61,PH,1696184168
284,blair,41.5444,-96.125,33.41,45,0,6.17,US,1696184168
285,manismata,-2.4667,111.0333,21.64,91,81,1.27,ID,1696184169
286,benghazi,32.1167,20.0667,24.46,63,0,5.67,LY,1696184169
287,as sulayyil,20.4607,45.5779,33.14,15,0,4.79,SA,1696184169
288,badger,64.8,-147.5333,4.99,71,100,3.09,US,1696184039
289,borovskoy,53.8,64.15,10.04,74,29,1.86,KZ,1696184169
290,vylkove,45.4021,29.586,20.85,52,48,7.85,UA,1696184169
291,chibougamau,49.9168,-74.3659,18.47,46,6,2.37,CA,1696184169
292,xining,36.6167,101.7667,12.02,79,99,1.06,CN,1696184169
293,maputo,-25.9653,32.5892,18.82,63,75,5.14,MZ,1696184170
294,san ignacio de velasco,-16.3667,-60.95,36.54,28,59,2.69,BO,1696184170
295,tangalle,6.024,80.7911,24.84,89,82,3.92,LK,1696184170
296,hadibu,12.65,54.0333,26.66,85,54,2.31,YE,1696184170
297,sorochinsk,52.4338,53.1583,12.58,57,9,2.17,RU,1696184170
298,sosua,19.7667,-70.5167,33.99,62,40,5.14,DO,1696184170
299,crucecita,-28.95,-58.9833,24.39,33,0,4.33,AR,1696184170
300,uray,60.1247,64.7758,8.82,79,18,4.92,RU,1696184171
301,pacasmayo,-7.4006,-79.5714,22.22,72,77,6.73,PE,1696184171
302,glace bay,46.1969,-59.957,22.25,58,40,3.58,CA,1696184144
303,port alfred,-33.5906,26.891,16.77,69,62,0.89,ZA,1696184171
304,coahuayana de hidalgo,18.7,-103.6583,33.24,61,37,2.77,MX,1696184171
305,kobayashi,31.9833,130.9833,19.72,96,63,1.6,JP,1696184171
306,kerikeri,-35.2268,173.9474,10.01,95,24,2.71,NZ,1696184172
307,westport,41.1415,-73.3579,25.9,62,0,4.12,US,1696184104
308,cabo san lucas,22.8909,-109.9124,35.34,56,0,4.47,MX,1696184172
309,ostersund,63.1792,14.6357,7.25,81,0,4.63,SE,1696184172
310,echuca,-36.1333,144.75,8.87,84,0,3.24,AU,1696184172
311,kaitong,44.8135,123.15,10.69,44,56,3.24,CN,1696184172
312,kelme,55.6339,22.9342,12.01,86,45,3.43,LT,1696184172
313,quibala,-10.7337,14.98,19.63,91,71,1.25,AO,1696184172
314,ghat,24.9647,10.1728,28.09,32,66,5.17,LY,1696184173
315,severo-yeniseyskiy,60.3725,93.0408,-3.01,87,93,3.58,RU,1696184173
316,buxar,25.5833,83.9833,25.46,86,96,3.68,IN,1696184173
317,kirakira,-10.4544,161.9205,25.84,86,92,4.37,SB,1696184173
318,cheremkhovo,53.1561,103.0675,0.17,71,99,2.24,RU,1696184173
319,puerto aysen,-45.4,-72.7,9.11,83,90,2.29,CL,1696184174
320,valparaiso,-33.0393,-71.6273,16.67,76,100,3.09,CL,1696184076
321,la'ie,21.6477,-157.9253,27.98,80,26,2.68,US,1696184174
322,mtsensk,53.2766,36.5733,13.92,92,100,2.71,RU,1696184174
323,ar ruways,24.1103,52.7306,30.6,54,0,3.63,AE,1696184174
324,karratha,-20.7377,116.8463,24.75,34,0,6.58,AU,1696184174
325,acarau,-2.8856,-40.12,30.17,57,39,9.56,BR,1696184174
326,edmundston,47.3737,-68.3251,21.74,50,0,6.17,CA,1696184175
327,lihue,21.9789,-159.3672,26.77,81,100,5.14,US,1696184175
328,luanda,-8.8368,13.2343,25.0,78,75,4.12,AO,1696184175
329,jackson,42.4165,-122.8345,14.28,71,0,0.45,US,1696184175
330,camabatela,-8.1881,15.375,19.25,78,91,1.22,AO,1696183880
331,levuka,50.1834,-105.4011,11.9,87,100,4.29,CA,1696184175
332,nuku'alofa,-21.1333,-175.2,20.19,64,40,6.69,TO,1696184175
333,el calafate,-50.3408,-72.2768,4.66,53,10,5.18,AR,1696183992
334,tafo,6.7345,-1.6127,23.25,96,58,1.85,GH,1696184176
335,tobelo,1.7284,128.0095,26.52,86,58,2.04,ID,1696184176
336,zeya,53.75,127.2667,4.94,87,95,1.79,RU,1696184176
337,altai,46.3722,96.2583,3.1,77,56,1.76,MN,1696184176
338,tidjikja,18.5564,-11.4271,35.76,9,40,4.07,MR,1696184176
339,lambarene,-0.7001,10.2406,25.61,87,89,2.1,GA,1696184053
340,bereket,39.2446,55.5154,19.86,20,2,4.32,TM,1696184177
341,dzyarzhynsk,53.6832,27.138,10.61,84,70,3.79,BY,1696184177
342,la sarre,48.8002,-79.1996,22.01,49,51,0.98,CA,1696184177
343,hamilton,39.1834,-84.5333,29.32,55,0,4.63,US,1696184117
344,egilsstadir,65.2653,-14.3948,5.95,93,75,7.2,IS,1696184177
345,wotje,9.4543,170.2367,27.66,77,100,6.58,MH,1696184177
346,vanino,49.0869,140.2543,9.96,83,100,5.15,RU,1696184177
347,nieuw amsterdam,5.8833,-55.0833,37.79,54,78,4.38,SR,1696184178
348,ascension,30.2169,-90.9001,33.93,48,1,5.19,US,1696184178
349,talakan,50.3167,130.3667,7.16,96,99,1.51,RU,1696184178
350,nur-sultan,51.1801,71.446,7.97,81,20,6.0,KZ,1696183938
351,wagar,16.1525,36.2032,35.76,17,0,0.73,SD,1696184178
352,marang,5.2056,103.2059,25.95,83,64,1.34,MY,1696184178
353,malanje,-9.5402,16.341,23.38,68,77,1.58,AO,1696184178
354,sabang,5.8933,95.3214,28.04,77,27,7.0,ID,1696184178
355,igarka,67.4667,86.5833,-4.51,69,2,1.88,RU,1696184179
356,huarmey,-10.0681,-78.1522,22.16,74,89,4.85,PE,1696184179
357,villa gesell,-37.2639,-56.973,12.25,73,9,4.54,AR,1696183993
358,saldanha,-33.0117,17.9442,14.03,73,0,4.87,ZA,1696184179
359,pasni,25.2631,63.471,27.47,61,1,5.15,PK,1696184179
360,san andres,12.5847,-81.7006,30.01,79,40,7.2,CO,1696184180
361,flin flon,54.7682,-101.865,5.91,93,100,4.12,CA,1696184180
362,burang,30.25,81.1667,5.3,83,27,2.09,CN,1696184180
363,san jose,37.3394,-121.895,21.98,54,20,4.02,US,1696183883
364,kharp,66.8014,65.8081,6.14,99,100,1.56,RU,1696184180
365,pariyapuram,10.9561,76.1916,23.16,98,99,0.16,IN,1696184180
366,kongolo,-5.3833,27.0,25.12,71,56,0.84,CD,1696184181
367,revda,56.801,59.9303,7.95,83,45,2.56,RU,1696184181
368,cidreira,-30.1811,-50.2056,16.72,56,49,5.5,BR,1696184181
369,alora,36.8236,-4.7058,23.05,41,3,2.24,ES,1696184181
370,wingham,43.8879,-81.3114,21.82,39,36,1.84,CA,1696184181
371,geraldton,-28.7667,114.6,17.23,88,40,5.66,AU,1696183915
372,cabedelo,-6.9811,-34.8339,29.37,61,27,5.31,BR,1696184181
373,kaa-khem,51.6833,94.7333,5.78,72,96,1.75,RU,1696184181
374,nemuro,43.3236,145.575,15.38,83,71,2.82,JP,1696184061
375,bonthe,7.5264,-12.505,27.67,80,100,3.25,SL,1696184182
376,mumbwa,-14.9783,27.0619,28.18,29,81,2.66,ZM,1696184182
377,bardai,11.65,7.2333,23.92,81,88,3.19,NG,1696184182
378,conceicao da barra,-18.5933,-39.7322,26.27,62,48,5.17,BR,1696184182
379,san sebastian de la gomera,28.0916,-17.1133,29.2,65,0,1.03,ES,1696184182
380,happy valley-goose bay,53.3168,-60.3315,14.17,47,75,10.29,CA,1696184110
381,saint-andre-les-vergers,48.2853,4.0521,19.02,72,0,0.51,FR,1696184182
382,lazaro cardenas,17.9583,-102.2,31.45,67,70,2.87,MX,1696184183
383,luderitz,-26.6481,15.1594,17.13,70,0,4.57,NA,1696184183
384,afaahiti,-17.75,-149.2833,25.93,86,39,8.43,PF,1696184183
385,isangel,-19.55,169.2667,19.06,82,87,1.54,VU,1696184183
386,inari,68.906,27.0288,7.11,82,74,1.76,FI,1696184183
387,caibarien,22.5206,-79.4669,32.62,72,84,4.44,CU,1696184183
388,rongelap,11.1635,166.8941,28.04,79,100,6.03,MH,1696184183
389,arar,30.9753,41.0381,29.01,18,0,3.6,SA,1696184184
390,argo,37.6333,22.7333,22.51,50,43,1.68,GR,1696184184
391,yugorsk,61.3133,63.3319,9.94,78,75,4.55,RU,1696184184
392,selfoss,63.9331,-20.9971,8.91,70,100,4.07,IS,1696184184
393,castlegar,49.2998,-117.6689,16.1,51,62,1.52,CA,1696184184
394,monchegorsk,67.9397,32.8739,4.87,83,99,4.35,RU,1696184184
395,northam,51.0333,-4.2167,17.44,98,100,2.85,GB,1696184185
396,nago,26.5881,127.9761,27.47,81,50,5.71,JP,1696183943
397,boca do acre,-8.7522,-67.3978,36.97,36,99,1.59,BR,1696184185
398,zhaozhou,45.6833,125.3167,9.54,56,13,2.98,CN,1696184185
399,puerto baquerizo moreno,-0.9,-89.6,27.55,69,75,6.17,EC,1696183943
400,miguel ahumada,30.6167,-106.5167,29.58,27,0,3.41,MX,1696184185
401,maintirano,-18.0667,44.0167,26.13,75,4,4.03,MG,1696184185
402,babu,24.4167,111.5167,24.68,91,31,1.28,CN,1696184185
403,altay,47.8667,88.1167,7.94,59,30,2.68,CN,1696184186
404,beau vallon,-20.4189,57.6953,24.13,83,75,4.12,MU,1696184186
405,san luis de la loma,17.2706,-100.8939,30.95,72,31,2.93,MX,1696184186
406,al ghayzah,16.2079,52.176,27.2,80,63,2.09,YE,1696184186
407,hasaki,35.7333,140.8333,22.38,67,100,9.22,JP,1696184186
408,kachug,53.9606,105.8817,3.36,78,100,1.79,RU,1696184186
409,labytnangi,66.6572,66.4183,7.81,98,100,2.54,RU,1696184187
410,christchurch,-43.5333,172.6333,17.11,54,98,6.17,NZ,1696184037
411,caleta de carquin,-11.0925,-77.6267,21.55,73,62,5.19,PE,1696184187
412,hammerfest,70.6634,23.6821,3.25,65,40,5.14,NO,1696184187
413,ivanec,46.2231,16.12,18.86,79,17,1.06,HR,1696184187
414,kourou,5.1552,-52.6478,33.03,59,98,6.05,GF,1696184187
415,gorontalo,0.5412,123.0595,22.28,88,34,1.29,ID,1696184187
416,motygino,58.1831,94.7592,0.44,72,100,2.68,RU,1696184187
417,mejit,10.2753,170.8646,27.53,79,100,5.3,MH,1696184188
418,fort st. john,56.2499,-120.8529,11.94,50,75,5.14,CA,1696184108
419,las tablas,7.7667,-80.2833,28.88,75,100,1.98,PA,1696184188
420,wynyard,-41.0,145.7167,6.66,82,20,2.08,AU,1696184188
421,liwale,-9.7667,37.9333,24.56,48,3,3.71,TZ,1696184188
422,serdar,38.9764,56.2757,19.61,22,5,3.28,TM,1696184188
423,katabu,-4.9333,122.5167,22.7,97,5,1.59,ID,1696184188
424,chegdomyn,51.1167,133.0167,5.74,94,100,1.34,RU,1696184189
425,polovinnoye,54.7914,65.9864,10.19,70,9,2.18,RU,1696184189
426,kyzyl-kyya,40.2568,72.1279,14.4,36,52,1.15,KG,1696184189
427,ugoofaaru,5.6667,73.0,27.31,79,97,4.58,MV,1696184189
428,mukalla,14.5425,49.1242,28.36,70,0,1.27,YE,1696184189
429,miles city,46.4083,-105.8406,12.54,82,100,5.66,US,1696184189
430,laguna,38.421,-121.4238,22.38,66,0,4.12,US,1696184189
431,villa ojo de agua,-29.5,-63.6938,25.75,23,0,6.42,AR,1696184189
432,brandfort,-28.7001,26.4597,13.67,17,0,3.64,ZA,1696184190
433,sola,-13.8833,167.55,24.37,88,100,6.17,VU,1696184190
434,irbit,57.6705,63.071,9.1,81,7,3.73,RU,1696184190
435,fukuecho,32.6881,128.8419,22.84,57,71,9.45,JP,1696184190
436,port isabel,26.0734,-97.2086,34.04,70,20,4.12,US,1696184190
437,benguela,-12.5763,13.4055,22.45,82,58,1.41,AO,1696184190
438,tofol,5.3248,163.0078,28.36,74,24,3.4,FM,1696184190
439,noumea,-22.2763,166.4572,17.99,68,80,5.24,NC,1696184114
440,phan rang-thap cham,11.5667,108.9833,25.31,91,92,1.1,VN,1696184191
441,sisimiut,66.9395,-53.6735,2.46,65,98,0.89,GL,1696184191
442,sahar,24.3643,56.7468,31.01,74,0,1.03,OM,1696184191
443,lebu,-37.6167,-73.65,12.85,67,100,3.95,CL,1696184191
444,khandyga,62.6667,135.6,3.25,76,99,0.67,RU,1696184191
445,slave lake,55.2834,-114.769,10.99,58,0,4.12,CA,1696184192
446,saham,24.1722,56.8886,31.01,64,0,0.68,OM,1696184192
447,alice springs,-23.7,133.8833,28.75,17,80,4.12,AU,1696184192
448,cedeira,43.6797,-8.0209,21.14,76,68,3.83,ES,1696184192
449,kununurra,-15.7667,128.7333,23.99,78,25,3.09,AU,1696184192
450,thinadhoo,0.5333,72.9333,27.83,78,96,5.89,MV,1696184192
451,mar del plata,-38.0023,-57.5575,13.07,81,20,5.14,AR,1696184162
452,susangerd,31.5608,48.1831,31.73,19,0,4.07,IR,1696184193
453,kolokani,13.5728,-8.0339,32.37,41,78,1.87,ML,1696184193
454,kropyvnytskyi,48.5132,32.2597,16.99,61,95,5.7,UA,1696184193
455,hood river,45.7054,-121.5215,19.84,69,44,0.89,US,1696184193
456,danao,10.5208,124.0272,27.03,83,97,3.02,PH,1696184193
457,ondangwa,-17.9167,15.95,29.64,8,0,5.56,NA,1696184193
458,saint-paul,-21.0096,55.2707,24.05,90,15,0.75,RE,1696184194
459,vilhena,-12.7406,-60.1458,25.12,88,40,3.6,BR,1696184194
460,taltal,-25.4,-70.4833,18.21,68,26,3.32,CL,1696184194
461,masterton,-40.9597,175.6575,12.16,80,60,5.91,NZ,1696184194
462,maun,-19.9833,23.4167,28.83,15,3,3.6,BW,1696184194
463,aitape,-3.1374,142.3475,25.28,91,31,1.36,PG,1696184194
464,mithi,24.7318,69.7981,29.63,43,56,4.76,PK,1696184194
465,magadan,59.5667,150.8,2.68,85,100,0.89,RU,1696184195
466,kanata,45.3159,-75.8985,26.1,60,75,2.57,CA,1696184195
467,el fasher,13.6279,25.3494,33.04,28,95,6.32,SD,1696184195
468,la ronge,55.1001,-105.2842,7.14,81,100,3.6,CA,1696184195
469,lorengau,-2.0226,147.2712,26.39,83,20,1.91,PG,1696184195
470,ciudad valles,21.9833,-99.0167,35.15,39,1,1.94,MX,1696184173
471,greenville,35.6127,-77.3663,26.18,64,75,4.12,US,1696184073
472,la peca,-5.6111,-78.435,31.98,42,59,1.19,PE,1696184048
473,greymouth,-42.4667,171.2,12.53,95,100,9.1,NZ,1696184196
474,zag,46.9441,99.165,2.47,85,91,2.29,MN,1696184196
475,monroeville,40.4212,-79.7881,26.46,52,0,2.57,US,1696183933
476,guerrero negro,27.9769,-114.0611,23.15,57,2,6.19,MX,1696184196
477,necochea,-38.5473,-58.7368,16.01,62,24,2.28,AR,1696184196
478,sandnessjoen,66.0217,12.6316,7.29,93,75,3.6,NO,1696184126
479,ilhabela,-23.7781,-45.3581,21.61,96,99,3.59,BR,1696184196
480,bataipora,-22.2953,-53.2711,33.48,38,35,3.52,BR,1696184196
481,brasileia,-11.0161,-68.7481,30.04,63,90,0.85,BR,1696184197
482,ambon,-3.6954,128.1814,27.15,95,40,3.09,ID,1696184197
483,russkaya polyana,49.417,31.9201,14.39,64,89,3.3,UA,1696184197
484,santana,-0.0583,-51.1817,34.1,55,20,4.12,BR,1696184198
485,uzgen,40.7699,73.3007,11.16,33,29,2.13,KG,1696184198
486,berezovyy,51.6667,135.7,7.3,97,100,2.17,RU,1696183941
487,grand falls-windsor,48.9332,-55.6649,20.84,54,50,1.34,CA,1696184198
488,bacalar,18.6667,-88.3833,31.06,74,40,3.6,MX,1696184198
489,pratapgarh,24.0333,74.7833,24.36,52,6,0.62,IN,1696184198
490,salug,8.1147,122.7833,25.99,89,100,3.57,PH,1696184199
491,arendal,58.4615,8.7725,12.89,89,82,2.62,NO,1696184199
492,daru,-9.0763,143.2092,24.83,89,100,6.7,PG,1696184199
493,zhanibek,49.4167,46.85,16.48,43,99,3.05,KZ,1696184199
494,sokoni,-6.4333,39.55,25.24,81,1,6.65,TZ,1696184199
495,kamba,11.8486,3.6576,29.96,61,77,4.36,NG,1696184199
496,olinda,-8.0089,-34.8553,27.85,61,20,6.17,BR,1696184199
497,pinheiro,-2.5214,-45.0825,34.19,42,85,2.91,BR,1696184200
498,den burg,53.0542,4.7972,19.44,89,100,5.14,NL,1696184200
499,dunedin,-45.8742,170.5036,13.62,66,93,5.07,NZ,1696184200
500,oranjemund,-28.55,16.4333,16.4,69,0,3.08,NA,1696184200
501,aketi,2.7388,23.7833,25.99,75,88,0.92,CD,1696184200
502,narvik,68.4384,17.4272,7.43,87,95,1.95,NO,1696184200
503,molde,62.7375,7.1591,12.62,82,75,4.12,NO,1696184075
504,krasnovishersk,60.4078,57.082,11.41,76,100,4.66,RU,1696184201
505,portland,45.5234,-122.6762,17.1,72,20,1.34,US,1696184201
506,ilebo,-4.3167,20.5833,22.9,94,90,0.62,CD,1696184201
507,kudymkar,59.0173,54.656,12.17,71,67,5.61,RU,1696184201
508,belyy yar,53.6039,91.3903,3.94,87,40,0.0,RU,1696184201
509,hit,33.6416,42.8251,28.74,29,74,2.67,IQ,1696184201
510,smithers,54.7804,-127.1743,7.18,93,100,1.03,CA,1696184201
511,cam pha mines,21.0167,107.3,24.95,86,32,1.16,VN,1696184201
512,great falls,47.5002,-111.3008,8.25,93,100,3.6,US,1696184202
513,anar darah,32.7587,61.654,19.94,14,1,2.77,AF,1696184202
514,ad dawadimi,24.5077,44.3924,29.64,15,0,4.44,SA,1696184202
515,kapa'a,22.0752,-159.319,27.18,81,100,5.14,US,1696184202
516,pahrump,36.2083,-115.9839,19.03,42,0,3.13,US,1696184202
517,inarajan village,13.2736,144.7484,27.54,95,1,4.34,GU,1696184202
518,dhuusamarreeb,5.535,46.3861,29.35,56,80,8.61,SO,1696184202
519,savanna-la-mar,18.219,-78.1332,31.97,59,23,2.27,JM,1696184182
520,resen,41.0889,21.0122,14.8,54,43,2.76,MK,1696184203
521,yanykurgan,43.915,67.2481,15.63,56,36,3.77,KZ,1696184203
522,antsiranana,-12.2787,49.2917,23.25,88,72,5.08,MG,1696184203
523,tralee,52.2704,-9.7026,12.51,88,66,2.63,IE,1696184203
524,lerwick,60.1545,-1.1494,12.0,90,50,5.02,GB,1696184203
525,sault ste. marie,46.5168,-84.3333,20.16,90,100,2.57,CA,1696184148
526,katsuura,35.1333,140.3,23.22,74,92,8.94,JP,1696184204
527,donetsk,48.0,37.8,19.58,31,96,1.51,UA,1696184204
528,el granada,37.5027,-122.4694,22.17,70,75,2.68,US,1696184204
529,najaf,31.9985,44.3398,29.88,28,35,2.06,IQ,1696184204
530,afua,-0.1567,-50.3867,34.91,45,100,3.86,BR,1696184204
531,polyarnyy,69.1989,33.4478,6.32,80,98,4.99,RU,1696184204
532,siem reap,13.5,104.0,26.86,95,85,3.16,KH,1696184204
533,banmankhi,25.8833,87.1833,26.58,91,100,2.39,IN,1696184205
534,lan sak,15.4529,99.5761,24.52,88,98,1.23,TH,1696184205
535,rugaji,57.0,27.1333,10.63,88,45,3.79,LV,1696184205
536,allapalli,19.4167,80.0667,24.44,98,100,1.48,IN,1696184205
537,socorro,31.6546,-106.3033,29.92,37,40,4.12,US,1696184169
538,cestos city,5.46,-9.5828,26.24,85,71,2.94,LR,1696184205
539,betioky,-23.7167,44.3833,22.7,69,22,2.98,MG,1696184205
540,kertih,4.5141,103.4483,25.01,94,81,0.0,MY,1696184206
541,benjamin hill,30.1667,-111.1,28.6,27,0,8.75,MX,1696184206
542,barisal,22.7019,90.3711,26.18,94,98,2.38,BD,1696184206
543,newman,37.3138,-121.0208,20.02,63,46,1.79,US,1696184206
544,kupiskis,55.8333,24.9667,11.68,79,93,3.82,LT,1696184206
545,motueka,-41.1333,173.0167,10.05,95,89,0.9,NZ,1696184206
546,comodoro rivadavia,-45.8667,-67.5,17.92,29,0,6.17,AR,1696184206
547,lucas,41.6501,-83.6666,26.39,63,0,2.57,US,1696184207
548,zelenodolsk,55.8438,48.5178,13.64,52,26,3.33,RU,1696184207
549,qinggang,46.6833,126.0833,8.88,63,52,2.38,CN,1696184207
550,valognes,49.5088,-1.4705,17.66,94,0,3.09,FR,1696184207
551,opuwo,-18.0607,13.84,26.91,13,0,3.43,NA,1696184207
552,alaghsas,17.0187,8.0168,30.94,40,3,8.75,NE,1696184207
553,anshun,26.25,105.9333,18.52,96,20,3.27,CN,1696183978
554,khorixas,-20.3667,14.9667,26.5,15,0,6.31,NA,1696184207
555,saint-joseph,-21.3667,55.6167,22.21,73,8,2.37,RE,1696184208
556,kodinsk,58.6881,99.1844,-1.42,78,65,3.2,RU,1696184208
557,changling,44.2653,124.0005,9.98,46,56,3.72,CN,1696184208
558,ndele,8.4109,20.6473,24.2,89,75,0.81,CF,1696184208
559,sao sepe,-30.1606,-53.5653,19.95,49,0,2.04,BR,1696184208
560,tura,25.5198,90.2201,23.53,97,85,1.83,IN,1696184208
561,konarka,19.9,86.1167,28.22,81,100,7.46,IN,1696184208
562,balabac,7.9868,117.0645,27.22,84,100,8.73,PH,1696184209
563,chos malal,-37.3781,-70.2709,22.44,19,83,2.69,AR,1696184209
564,strathmore,51.0501,-113.3852,9.08,81,100,2.06,CA,1696184120
565,howard springs,-12.497,131.047,26.95,81,36,1.32,AU,1696184209
566,yen bai,21.7,104.8667,24.8,93,28,0.82,VN,1696184209
567,lodwar,3.1191,35.5973,31.95,34,25,3.77,KE,1696184209
568,upper grand lagoon,30.1633,-85.7408,30.08,55,20,6.17,US,1696184209
569,oodweyne,9.4092,45.064,28.2,40,32,5.84,SO,1696184209
570,grand forks,47.9417,-97.4337,28.77,54,0,5.66,US,1696184210
571,edd,13.9297,41.6925,32.31,61,1,3.6,ER,1696184210
572,tianshui,34.5439,105.6897,12.4,86,100,1.38,CN,1696184210
573,illizi,26.4833,8.4667,33.89,13,2,3.89,DZ,1696184210
574,ulladulla,-35.35,150.4667,13.94,71,34,1.31,AU,1696184210
575,vershino-darasunskiy,52.35,115.5167,3.87,69,34,1.4,RU,1696184210
576,rouissat,31.9243,5.3502,29.04,28,0,4.12,DZ,1696184210
577,bonanza,14.0289,-84.591,33.51,47,46,2.02,NI,1696184211
578,rockland,41.1668,-74.0496,25.63,65,0,0.45,US,1696184211
579,sucua,-2.4667,-78.1667,31.41,45,40,1.54,EC,1696184211
580,mitchell,43.7094,-98.0298,31.99,40,0,6.17,US,1696184209
581,vila do maio,15.1333,-23.2167,30.44,79,78,5.8,CV,1696184211
582,balkanabat,39.5108,54.3671,22.98,19,1,2.38,TM,1696184211
583,alenquer,-1.9417,-54.7383,38.74,26,37,2.56,BR,1696184211
584,weno,7.4515,151.8468,26.97,83,75,2.57,FM,1696184211
585,cholul,21.0167,-89.2833,33.01,38,87,1.6,MX,1696184212
586,constitucion,-35.3333,-72.4167,13.86,71,93,3.16,CL,1696184212
587,pulsano,40.3821,17.3564,23.23,58,0,2.68,IT,1696184212
588,tomatlan,19.9333,-105.25,32.8,65,43,2.32,MX,1696184212
